accel_x,accel_y,accel_z,gyro_x,gyro_y,gyro_z,temperature
-9.19,-1.34,-1.02,0.16,0.04,-0.0,33.7
-8.71,-1.6,-1.48,0.1,-0.19,0.1,33.69
-9.08,-1.2,-1.44,-0.01,-0.06,-0.05,33.7
-8.91,-0.61,-0.38,0.09,-0.0,0.14,33.69
-9.15,-1.87,-2.09,0.1,0.02,-0.15,33.71
-8.63,-1.92,-2.15,0.01,-0.07,0.0,33.68
-8.75,-2.06,-1.68,-0.04,-0.03,0.04,33.71
-8.85,-1.98,-1.76,0.01,-0.05,0.01,33.7
-8.89,-1.92,-1.82,0.01,-0.04,-0.03,33.7
-8.76,-1.97,-1.86,-0.02,-0.07,0.01,33.71
-8.78,-1.98,-1.75,-0.02,-0.04,0.0,33.71
-8.8,-1.94,-1.75,-0.0,-0.05,0.01,33.72
-8.71,-1.97,-1.89,-0.01,-0.04,0.02,33.73
-8.79,-2.0,-1.95,0.02,-0.08,0.02,33.71
-8.81,-2.09,-1.68,-0.02,-0.06,0.01,33.7
-8.77,-2.04,-1.75,-0.01,-0.02,0.01,33.71
-8.76,-1.92,-1.87,-0.01,-0.06,0.02,33.72
-8.78,-2.02,-1.78,-0.01,-0.05,0.01,33.72
-8.79,-2.0,-1.72,-0.01,-0.06,0.01,33.74
-8.82,-1.99,-1.71,-0.04,-0.05,0.01,33.73
-8.76,-1.94,-1.69,-0.0,-0.06,0.02,33.74
-8.77,-1.96,-1.7,0.0,-0.04,0.01,33.72
-8.76,-1.97,-1.69,-0.01,-0.05,0.02,33.73
-8.76,-1.97,-1.78,-0.01,-0.04,0.01,33.71
-8.84,-1.99,-1.69,-0.02,-0.06,0.01,33.73
-8.77,-1.91,-1.71,-0.0,-0.03,0.02,33.72
-8.79,-1.99,-1.83,-0.01,-0.02,0.02,33.72
-8.84,-1.92,-1.76,-0.03,-0.07,0.01,33.73
-8.76,-1.09,-2.21,-0.02,-0.0,0.08,33.74
-8.73,-1.92,-2.15,-0.04,-0.04,-0.0,33.73
-9.09,-0.9,-1.91,-0.42,0.12,0.18,33.74
-8.4,-0.72,-3.83,-0.03,-0.1,0.04,33.74
-8.38,-0.67,-3.62,-0.01,-0.06,0.01,33.73
-8.37,-0.72,-3.59,-0.01,-0.04,0.01,33.73
-9.27,-0.95,0.89,-0.06,-0.12,-0.06,33.74
-9.04,-0.86,0.84,0.08,-0.0,0.04,33.72
-9.05,-1.03,1.73,-0.04,0.15,0.01,33.73
-9.11,-1.25,0.75,-0.01,-0.02,-0.02,33.73
-9.23,-1.18,0.94,-0.01,-0.08,-0.0,33.75
-9.06,-1.17,0.36,-0.05,-0.02,0.01,33.76
-9.07,-1.1,0.65,-0.01,-0.04,0.0,33.74
-9.11,-1.11,0.49,-0.01,-0.06,0.01,33.75
-9.16,-1.07,0.56,-0.0,-0.03,0.02,33.77
-9.1,-0.99,0.22,-0.05,-0.04,0.02,33.78
-9.04,-0.92,0.06,-0.01,-0.01,-0.01,33.77
-9.16,-0.84,0.28,-0.01,-0.03,0.01,33.77
-9.1,-0.95,-0.23,0.01,0.03,-0.05,33.77
-9.12,-1.15,-0.09,-0.01,-0.04,0.02,33.79
-9.12,-1.16,-0.21,-0.01,-0.06,0.0,33.77
-9.13,-1.13,-0.06,0.01,-0.05,0.02,33.76
-9.15,-1.09,-0.03,-0.01,-0.03,0.02,33.78
-9.17,-1.04,-0.04,-0.02,-0.09,-0.0,33.78
-9.13,-1.1,-0.02,-0.01,-0.05,0.02,33.77
-9.06,-1.07,-0.11,-0.04,-0.02,0.01,33.77
-9.12,-1.09,-0.1,-0.01,-0.06,0.01,33.8
-9.13,-1.08,-0.0,-0.01,-0.06,0.02,33.79
-9.1,-1.09,-0.06,-0.01,-0.08,0.01,33.77
-9.13,-1.06,-0.02,-0.01,-0.06,0.01,33.79
-9.18,-1.11,-0.24,0.01,-0.04,0.01,33.8
-9.14,-1.09,-0.1,-0.01,-0.06,0.01,33.77
-9.18,-1.06,-0.04,0.01,-0.03,0.03,33.79
-8.91,-0.67,-0.19,-0.02,-0.09,0.01,33.79
-9.16,-0.96,0.14,-0.01,-0.03,0.02,33.82
-9.15,-0.98,-0.03,-0.0,-0.09,0.01,33.81
-9.15,-0.95,0.06,-0.01,-0.05,0.02,33.82
-9.13,-0.92,0.09,-0.01,-0.03,0.02,33.8
-9.18,-0.95,0.06,-0.0,-0.11,0.01,33.82
-9.13,-0.92,0.03,-0.01,-0.04,0.01,33.81
-9.06,-0.96,-0.02,-0.01,-0.07,0.01,33.82
-9.08,-0.97,0.03,-0.0,-0.03,0.01,33.83
-9.19,-0.91,0.05,0.02,-0.09,0.01,33.83
-9.12,-0.95,0.12,-0.0,-0.04,0.02,33.83
-9.23,-0.91,0.03,-0.01,-0.07,0.01,33.82
-9.14,-0.9,0.12,-0.0,-0.03,0.01,33.81
-9.17,-0.85,0.15,0.0,-0.02,0.01,33.82
-9.16,-0.94,0.01,-0.02,-0.05,0.02,33.83
-9.03,-0.95,-0.03,0.0,-0.06,0.02,33.84
-9.14,-0.96,0.06,-0.0,-0.03,0.01,33.85
-9.17,-0.91,0.11,-0.02,-0.05,0.01,33.86
-9.11,-0.89,-0.01,-0.02,-0.05,0.01,33.85
-9.13,-1.06,0.08,-0.01,-0.04,-0.01,33.87
-9.48,-1.02,0.26,-0.01,-0.17,-0.01,33.84
-8.8,-0.61,2.1,0.08,-0.03,-0.04,33.86
-9.06,-0.78,1.04,-0.06,0.11,-0.04,33.86
-9.07,-0.96,0.6,0.23,-0.15,0.1,33.86
-8.99,-0.88,0.68,-0.02,-0.01,0.01,33.87
-9.13,-0.91,0.83,-0.01,-0.04,0.01,33.86
-9.16,-0.9,0.94,-0.03,-0.05,0.0,33.87
-9.13,-0.97,0.82,-0.01,-0.04,0.02,33.88
-9.14,-0.93,0.8,-0.01,-0.07,-0.01,33.88
-9.1,-0.92,0.62,-0.01,0.01,0.02,33.87
-9.03,-1.14,0.78,-0.02,-0.04,0.01,33.86
-9.11,-0.9,0.67,-0.04,-0.05,0.03,33.88
-9.12,-0.85,0.62,-0.02,-0.06,0.01,33.88
-9.09,-0.96,0.72,0.0,-0.03,0.01,33.89
-9.06,-0.98,0.8,-0.02,-0.08,-0.0,33.87
-9.12,-0.96,0.68,-0.01,-0.06,0.02,33.89
-9.13,-0.93,0.76,-0.02,-0.05,0.01,33.89
-9.13,-0.92,0.75,-0.01,-0.04,0.01,33.9
-9.13,-0.99,0.73,-0.01,-0.04,0.01,33.9
-9.19,-0.95,0.74,-0.02,-0.09,0.01,33.91
-9.11,-1.02,0.64,-0.02,-0.03,0.01,33.9
-9.15,-1.0,0.67,-0.01,-0.05,0.01,33.92
-9.18,-0.98,0.72,-0.02,-0.03,0.02,33.9
-9.08,-1.04,0.56,-0.0,-0.08,0.01,33.92
-9.11,-0.99,0.66,-0.01,-0.04,0.01,33.92
-9.15,-1.02,0.7,-0.02,-0.09,0.01,33.92
-9.12,-0.99,0.66,-0.01,-0.04,0.01,33.92
-9.17,-1.02,0.53,0.0,-0.05,0.02,33.93
-9.11,-1.0,0.74,-0.01,-0.06,0.01,33.9
-9.04,-0.91,0.86,-0.01,-0.0,0.01,33.92
-9.11,-1.02,0.68,-0.02,-0.07,0.01,33.92
-9.06,-1.18,0.57,-0.04,0.01,-0.01,33.93
-9.06,-1.06,0.63,-0.02,-0.04,0.0,33.91
-9.14,-0.89,0.67,0.0,-0.02,0.01,33.93
-9.04,-0.95,0.64,-0.01,-0.01,0.01,33.92
-9.11,-0.99,0.69,0.0,-0.03,0.01,33.94
-9.1,-1.02,0.68,-0.01,-0.08,0.01,33.94
-9.15,-1.03,0.61,-0.01,-0.02,0.01,33.94
-9.1,-1.02,0.65,-0.01,-0.05,0.01,33.94
-9.09,-0.98,0.64,-0.01,-0.05,0.02,33.94
-9.13,-1.04,-1.08,0.02,0.23,-0.03,33.94
-8.47,-1.08,-2.96,-0.14,0.02,0.14,33.94
-8.73,-1.75,-2.29,0.06,0.1,-0.1,33.95
-8.6,-1.94,-2.58,-0.01,-0.05,-0.01,33.95
-8.57,-2.05,-2.49,-0.01,-0.06,0.01,33.94
-8.56,-2.07,-2.55,-0.01,-0.06,0.01,33.96
-8.65,-2.02,-2.49,-0.01,-0.06,0.02,33.96
-8.51,-2.03,-2.61,-0.01,-0.02,0.01,33.97
-8.61,-1.97,-2.55,-0.02,-0.06,0.01,33.96
-8.51,-2.38,-2.34,0.0,-0.15,-0.3,33.97
-8.34,-2.31,-3.24,-0.12,0.1,0.39,33.97
-8.46,-1.65,-4.0,0.34,-0.01,-0.06,33.97
-8.39,-2.55,-2.64,-0.03,-0.08,-0.02,33.96
-8.49,-2.1,-3.16,-0.11,0.05,0.16,33.97
-8.37,-1.57,-3.35,0.01,0.0,-0.03,33.98
-8.38,-1.7,-3.36,0.0,-0.06,0.01,33.99
-8.36,-1.76,-3.35,-0.0,-0.05,0.02,34.0
-8.49,-1.5,-2.89,0.2,-0.5,0.09,33.98
-8.54,0.97,-2.49,0.21,0.06,0.12,33.98
-8.76,0.31,-3.21,-0.79,-0.58,0.07,33.99
-8.78,0.45,-2.08,-0.17,0.1,-0.01,33.99
-9.3,-0.69,0.68,-0.13,-0.25,0.01,33.99
-9.7,-0.7,0.76,-0.09,-0.38,0.02,33.99
-9.1,-0.62,0.91,0.05,-0.13,0.03,33.98
-9.12,-0.55,0.98,-0.01,-0.06,0.03,34.0
-9.22,-0.58,0.94,0.0,-0.05,0.03,33.99
-9.05,-0.31,1.0,-0.05,-0.04,-0.0,33.98
-9.27,-0.49,0.98,0.01,-0.12,0.02,34.01
-9.15,-0.45,1.14,-0.0,-0.06,0.02,34.02
-9.16,-0.53,1.05,0.01,-0.06,0.02,34.02
-9.14,-0.5,1.16,-0.01,-0.06,0.01,34.0
-9.15,-0.48,1.1,-0.01,-0.05,0.02,34.01
-9.12,-0.54,0.95,-0.02,-0.05,-0.0,34.02
-9.17,-0.67,0.77,-0.02,-0.05,0.02,34.01
-9.14,-0.52,1.07,-0.02,-0.05,0.02,34.03
-9.19,-0.5,1.17,-0.02,-0.07,0.02,34.03
-9.17,-0.68,1.26,-0.0,-0.06,0.02,34.05
-9.13,-0.64,1.22,-0.0,-0.02,0.01,34.02
-9.17,-0.69,0.96,-0.03,-0.07,0.01,34.04
-9.09,-0.63,1.1,-0.02,-0.07,0.0,34.05
-9.11,-0.62,1.08,-0.01,-0.03,0.02,34.04
-9.14,-0.57,1.07,-0.01,-0.06,0.02,34.04
-9.14,-0.54,1.1,-0.01,-0.05,0.01,34.04
-9.14,-0.57,1.09,0.01,-0.06,0.01,34.04
-9.19,-0.6,1.27,-0.01,-0.06,0.01,34.04
-9.04,-0.47,1.26,-0.02,-0.01,0.01,34.04
-9.14,-0.64,1.14,-0.03,-0.07,-0.04,34.06
-9.1,-0.53,0.94,-0.06,0.06,0.02,34.06
-9.09,-0.4,0.89,-0.01,-0.05,0.02,34.08
-9.2,-0.55,0.63,0.06,-0.12,0.06,34.07
-9.35,-0.98,0.43,-0.04,-0.07,0.01,34.09
-9.16,-0.82,0.3,-0.0,-0.01,0.02,34.08
-9.07,-0.62,0.1,0.03,-0.05,0.05,34.08
-9.2,-0.8,0.19,0.03,-0.05,0.01,34.07
-9.16,-0.69,0.33,-0.01,-0.07,0.02,34.08
-9.21,-0.73,0.4,0.01,-0.03,0.01,34.08
-9.15,-0.71,0.23,-0.01,-0.05,0.01,34.05
-9.31,-0.72,0.26,-0.0,-0.08,0.01,34.1
-9.14,-0.66,0.39,-0.01,-0.05,0.01,34.09
-9.19,-0.73,0.13,-0.02,-0.04,0.02,34.08
-9.22,-0.71,0.23,0.01,-0.06,0.01,34.12
-9.19,-0.8,0.22,-0.02,-0.04,0.01,34.08
-9.15,-0.79,0.4,-0.01,-0.06,0.01,34.09
-9.17,-0.52,0.34,-0.01,-0.05,0.03,34.09
-9.15,-0.8,0.42,-0.02,-0.07,-0.0,34.12
-9.14,-0.72,0.2,-0.01,-0.06,0.01,34.14
-9.01,-0.52,-0.61,-0.04,-0.05,0.06,34.11
-9.22,-0.35,0.84,0.01,-0.04,-0.01,34.14
-9.37,-0.72,0.51,0.06,0.13,0.02,34.12
-9.1,-0.79,0.3,0.02,-0.04,0.04,34.14
-9.17,-0.63,0.06,-0.05,-0.06,-0.03,34.13
-9.17,-0.69,0.3,0.01,-0.04,0.02,34.13
-9.15,-0.73,0.28,-0.01,-0.04,0.01,34.13
-9.19,-0.68,0.25,-0.0,-0.07,0.02,34.14
-9.16,-0.75,0.23,-0.01,-0.05,0.02,34.14
-9.2,-0.69,0.2,-0.01,-0.06,0.03,34.16
-9.14,-0.69,0.13,-0.0,-0.05,0.02,34.14
-9.17,-0.7,0.25,-0.01,-0.06,0.02,34.17
-9.18,-0.68,0.21,-0.01,-0.05,0.01,34.14
-9.18,-0.64,0.17,-0.02,-0.06,0.02,34.13
-9.2,-0.62,0.15,-0.02,-0.06,0.0,34.15
-9.18,-0.65,0.17,-0.02,-0.08,0.02,34.16
-9.17,-0.63,0.18,-0.01,-0.04,0.01,34.16
-9.38,-0.63,0.32,0.12,-0.01,0.04,34.16
-8.91,-0.41,0.31,-0.03,-0.07,0.03,34.18
-9.14,-0.78,0.18,-0.03,-0.0,0.02,34.18
-9.39,-0.88,0.13,0.07,0.08,0.05,34.15
-9.08,-0.87,0.18,0.0,-0.04,0.03,34.19
-9.17,-0.84,0.12,-0.01,-0.04,0.02,34.17
-9.09,-0.81,0.18,-0.02,-0.05,0.01,34.19
-9.19,-0.83,0.23,-0.01,-0.05,0.01,34.17
-9.16,-0.76,0.21,-0.01,-0.05,0.02,34.19
-9.18,-0.61,0.18,0.0,-0.05,0.01,34.19
-9.11,-0.79,0.28,-0.02,-0.05,0.01,34.2
-9.26,-0.78,0.33,0.02,-0.01,-0.01,34.2
-9.21,-0.67,0.07,0.01,-0.09,0.03,34.2
-9.12,-0.69,0.05,-0.02,-0.05,0.01,34.21
-9.2,-0.79,0.23,-0.0,-0.06,0.02,34.2
-9.18,-0.84,0.23,0.0,-0.06,0.02,34.2
-9.17,-0.75,0.14,-0.01,-0.07,0.01,34.23
-9.03,-0.67,0.2,-0.01,0.01,0.03,34.21
-9.23,-0.8,0.29,-0.02,-0.04,0.01,34.22
-9.06,-0.68,0.16,-0.01,-0.02,0.02,34.22
-9.16,-0.76,0.14,-0.01,-0.03,0.01,34.21
-9.13,-0.82,0.23,-0.01,-0.06,0.02,34.23
-9.15,-0.78,0.32,-0.01,-0.05,0.01,34.22
-8.82,-0.74,2.08,0.05,-0.22,0.09,34.22
-8.48,-1.12,1.31,-0.0,0.09,0.01,34.24
-9.07,-0.65,1.43,0.01,-0.06,0.01,34.23
-9.08,-0.88,1.24,-0.01,-0.03,0.04,34.23
-9.18,-0.78,1.2,-0.01,-0.06,0.01,34.24
-9.11,-0.8,1.23,-0.0,-0.03,0.01,34.22
-9.06,-0.76,1.11,-0.02,-0.05,0.01,34.23
-9.0,-0.78,1.08,-0.01,-0.05,0.01,34.26
-9.11,-0.74,1.17,-0.01,-0.04,0.01,34.25
-9.03,-0.74,1.13,-0.02,-0.05,0.01,34.25
-9.14,-0.72,1.23,0.01,-0.02,0.03,34.23
-9.16,-0.69,1.1,0.0,-0.04,0.01,34.25
-9.1,-0.79,1.18,-0.01,-0.06,0.01,34.24
-9.06,-0.78,1.11,-0.04,-0.05,0.01,34.25
-9.08,-0.78,1.21,-0.02,-0.04,0.01,34.27
-9.12,-0.77,1.16,-0.01,-0.04,0.01,34.24
-9.09,-0.74,1.16,-0.02,-0.04,0.01,34.25
-9.04,-0.71,0.96,-0.04,-0.06,0.01,34.27
-9.21,-0.66,1.1,0.02,-0.04,0.01,34.27
-9.09,-0.76,1.05,0.0,-0.06,0.02,34.27
-8.78,-1.01,0.83,-0.0,0.05,0.0,34.26
-8.94,-0.72,0.96,-0.06,-0.06,-0.0,34.27
-9.14,-0.73,0.93,-0.01,-0.04,0.01,34.28
-9.11,-0.71,0.84,-0.01,-0.05,0.01,34.25
-9.14,-0.67,0.94,-0.02,-0.06,0.01,34.26
-9.15,-0.7,1.03,-0.02,-0.04,0.02,34.28
-9.09,-0.76,0.81,-0.0,-0.05,-0.01,34.27
-9.21,-0.76,0.94,0.01,-0.04,0.01,34.29
-9.2,-0.66,0.91,-0.02,-0.07,0.02,34.3
-9.11,-0.71,0.94,-0.01,-0.04,0.01,34.27
-9.06,-0.73,1.02,-0.04,-0.05,0.01,34.29
-9.02,-0.85,1.08,-0.03,-0.03,-0.0,34.3
-9.16,-0.8,1.03,-0.02,-0.05,0.02,34.29
-9.2,-0.79,0.86,0.03,-0.05,0.02,34.29
-9.07,-0.72,0.95,-0.01,-0.04,0.02,34.29
-9.14,-0.66,0.86,0.01,-0.08,0.01,34.31
-9.04,-0.45,1.13,0.0,0.05,0.04,34.31
-9.09,-0.85,1.06,-0.01,0.01,0.02,34.29
-9.16,-0.73,0.65,-0.02,-0.11,0.01,34.32
-9.02,-0.81,0.84,-0.02,-0.02,-0.01,34.3
-9.17,-0.82,0.8,-0.01,-0.03,0.02,34.3
-9.07,-0.74,0.57,-0.01,-0.04,0.01,34.31
-9.22,-0.84,0.85,-0.0,-0.07,0.01,34.32
-9.13,-0.79,0.71,0.01,-0.03,0.03,34.32
-9.31,-1.1,0.37,0.14,-0.03,-0.07,34.31
-9.12,-0.41,0.36,-0.04,-0.08,-0.05,34.33
-9.22,-1.14,0.44,0.05,0.02,0.02,34.33
-9.19,-1.27,0.99,-0.05,0.04,0.02,34.33
-9.32,-0.62,0.73,-0.04,-0.02,-0.0,34.33
-9.11,-0.62,0.76,0.09,-0.13,0.05,34.32
-9.45,-0.83,-0.13,-0.15,0.35,0.24,34.34
-8.23,-1.87,-3.11,1.66,0.36,-0.06,34.34
-9.0,-0.4,-0.63,-0.09,-0.17,0.11,34.36
-8.38,-1.56,-1.89,0.1,0.1,0.09,34.34
-8.64,-1.87,-2.49,-0.01,-0.04,0.02,34.32
-8.58,-1.89,-2.48,0.0,-0.06,0.02,34.34
-8.63,-1.84,-2.31,-0.02,-0.05,0.01,34.35
-8.68,-1.81,-2.37,-0.01,-0.04,0.02,34.34
-8.63,-1.73,-2.52,-0.0,-0.03,0.01,34.34
-8.65,-1.7,-2.5,-0.02,-0.04,0.01,34.36
-8.62,-1.73,-2.51,-0.02,-0.06,0.01,34.35
-8.66,-1.74,-2.43,-0.01,-0.05,0.01,34.34
-8.62,-1.78,-2.49,-0.0,-0.06,0.02,34.32
-8.61,-1.72,-2.49,-0.01,-0.04,0.01,34.35
-8.65,-1.73,-2.42,-0.04,-0.06,0.01,34.33
-8.63,-1.67,-2.42,0.0,-0.05,0.01,34.34
-8.65,-1.75,-2.55,-0.01,-0.04,0.01,34.37
-8.68,-1.74,-2.46,-0.01,-0.04,0.01,34.36
-8.6,-1.75,-2.58,-0.0,-0.05,0.02,34.36
-8.65,-1.8,-2.52,-0.0,-0.04,0.01,34.36
-8.65,-1.78,-2.63,-0.03,-0.05,0.01,34.37
-8.62,-1.77,-2.46,-0.02,-0.07,0.02,34.34
-8.63,-1.75,-2.45,-0.01,-0.04,0.02,34.35
-8.66,-1.87,-2.62,-0.03,-0.06,0.01,34.37
-8.64,-1.78,-2.46,-0.01,-0.05,0.01,34.38
-8.66,-1.78,-2.49,-0.01,-0.03,0.01,34.36
-8.76,-0.65,-1.84,-0.18,-0.17,0.14,34.37
-8.95,-0.79,-1.9,0.09,0.05,-0.04,34.38
-8.91,-0.98,-1.89,-0.09,-0.05,-0.0,34.39
-8.82,-0.84,-1.94,0.01,-0.11,0.02,34.36
-8.94,-0.87,-1.78,-0.02,-0.03,0.01,34.37
-8.9,-0.9,-1.81,-0.01,-0.05,0.01,34.38
-8.95,-0.88,-1.84,-0.02,-0.06,0.01,34.37
-8.97,-0.87,-1.81,0.01,-0.06,0.01,34.38
-8.74,-0.9,-2.28,0.02,0.02,0.05,34.39
-8.95,-0.82,-1.97,-0.03,-0.11,-0.01,34.38
-8.88,-0.84,-2.01,-0.01,-0.04,0.02,34.39
-8.96,-0.84,-2.04,-0.02,-0.07,0.01,34.39
-8.93,-0.8,-1.98,-0.01,-0.06,0.01,34.38
-8.89,-0.97,-2.07,0.03,-0.04,0.0,34.38
-8.9,-0.76,-1.89,0.01,-0.04,0.04,34.39
-8.89,-0.93,-1.9,-0.02,-0.06,0.0,34.39
-8.88,-0.91,-1.83,-0.01,-0.03,0.01,34.4
-8.88,-0.99,-2.12,-0.02,-0.13,0.02,34.39
-8.89,-0.48,-1.81,0.17,-0.04,-0.12,34.39
-9.11,-0.64,-2.09,0.09,0.02,-0.01,34.39
-8.93,-1.76,-1.75,-0.15,-0.03,0.0,34.4
-8.89,-0.79,-1.81,0.02,-0.07,0.01,34.41
-8.89,-0.77,-1.9,-0.02,-0.02,0.02,34.39
-8.84,-0.85,-1.9,-0.0,-0.01,0.04,34.39
-8.98,-1.14,-1.62,-0.09,-0.13,-0.05,34.41
-8.95,-1.08,-1.82,0.0,-0.08,0.05,34.4
-8.97,-0.92,-1.61,-0.02,-0.04,0.01,34.41
-9.03,-0.95,-1.81,-0.0,-0.02,0.06,34.41
-8.97,-1.19,-1.44,-0.03,-0.06,0.01,34.4
-9.02,-1.06,-1.64,0.03,-0.06,0.01,34.4
-8.93,-0.71,-1.81,0.0,-0.07,0.06,34.41
-8.85,-1.09,-1.78,-0.03,-0.05,0.02,34.41
-8.97,-1.06,-1.68,-0.01,-0.04,0.02,34.41
-8.94,-1.09,-1.87,-0.04,-0.05,0.01,34.43
-8.89,-1.05,-1.76,0.0,-0.05,0.01,34.42
-8.9,-1.1,-1.87,-0.01,-0.04,0.01,34.41
-8.91,-0.98,-1.81,-0.03,-0.07,0.01,34.42
-8.91,-1.06,-1.78,-0.01,-0.04,0.02,34.43
-9.23,-0.94,-0.63,-0.12,-0.27,0.05,34.42
-8.97,-0.74,1.23,0.03,-0.24,-0.11,34.43
-9.89,-1.42,1.65,-0.09,0.07,-0.01,34.44
-8.85,-0.93,0.59,0.05,0.02,-0.05,34.43
-9.11,-1.28,0.76,-0.01,-0.01,0.02,34.44
-9.18,-0.9,0.46,-0.06,-0.01,0.02,34.44
-9.04,-1.01,0.99,-0.04,-0.03,-0.01,34.43
-9.1,-1.04,0.84,-0.02,-0.03,0.0,34.44
-9.1,-0.97,0.82,-0.01,-0.06,0.02,34.44
-9.14,-0.98,0.8,-0.01,-0.06,0.01,34.43
-9.06,-0.89,0.69,-0.01,-0.07,0.02,34.44
-9.14,-0.9,0.84,-0.01,-0.03,0.01,34.42
-9.18,-0.91,0.74,0.01,-0.03,0.02,34.44
-9.14,-0.95,0.63,-0.01,-0.07,0.02,34.42
-9.13,-0.88,0.71,-0.01,-0.05,0.01,34.43
-9.12,-0.92,0.74,-0.01,-0.05,0.01,34.44
-9.16,-0.91,0.74,-0.01,-0.04,0.01,34.45
-9.12,-0.88,0.7,-0.01,-0.06,0.02,34.44
-9.15,-0.91,0.71,-0.01,-0.04,0.01,34.44
-9.05,-0.83,0.59,-0.0,-0.03,-0.03,34.42
-9.12,-1.03,0.74,-0.02,-0.06,0.02,34.45
-9.17,-0.99,0.63,-0.02,-0.04,0.01,34.45
-9.2,-0.91,0.62,-0.01,-0.08,0.01,34.46
-9.14,-0.92,0.63,-0.02,-0.06,0.01,34.46
-9.14,-0.89,0.49,-0.01,-0.04,0.01,34.44
-9.14,-0.97,0.57,-0.01,-0.05,0.01,34.46
-9.12,-0.94,0.59,0.0,-0.03,0.02,34.44
-9.19,-0.92,0.63,-0.02,-0.07,0.0,34.43
-9.13,-0.89,0.55,-0.0,-0.05,0.01,34.44
-9.18,-1.0,0.57,0.03,-0.02,0.03,34.45
-9.14,-0.97,0.59,-0.01,-0.06,0.01,34.44
-9.19,-0.96,0.44,-0.03,-0.05,0.01,34.44
-9.17,-0.92,0.54,-0.0,-0.07,0.02,34.43
-9.14,-0.93,0.56,-0.01,-0.04,0.01,34.47
-9.41,-1.05,0.72,0.03,-0.02,0.03,34.47
-9.0,-0.66,0.43,0.0,-0.02,-0.03,34.45
-9.45,-0.59,0.28,-0.0,-0.23,-0.0,34.46
-9.73,-0.31,0.17,-0.03,-0.1,-0.05,34.47
-9.05,-1.26,0.34,-0.07,0.02,0.02,34.45
-8.55,1.31,-3.85,-0.49,0.22,-0.08,34.45
-8.35,-3.61,-3.08,-0.1,-0.51,0.14,34.47
-8.85,-0.54,-1.21,-0.18,0.06,-0.08,34.46
-9.12,-0.97,-0.65,-0.03,-0.05,-0.0,34.48
-9.08,-1.15,-0.64,0.01,-0.02,-0.0,34.46
-9.11,-1.12,-0.61,-0.01,-0.04,0.01,34.46
-9.0,-1.16,-0.87,-0.0,-0.04,0.01,34.47
-9.06,-1.19,-0.85,-0.01,-0.05,0.02,34.47
-9.04,-1.14,-0.82,-0.01,-0.06,0.01,34.46
-9.11,-1.07,-0.74,0.01,-0.05,0.01,34.46
-8.97,-1.18,-0.9,0.01,-0.03,0.02,34.47
-9.15,-1.05,-0.68,-0.03,-0.06,-0.0,34.47
-9.18,-1.08,-0.5,-0.11,-0.07,0.02,34.47
-9.06,-1.07,-0.84,0.01,-0.01,0.04,34.49
-9.13,-0.91,-1.05,-0.09,-0.07,0.02,34.47
-9.05,-1.33,-0.85,0.03,-0.01,-0.0,34.47
-9.01,-1.16,-1.12,-0.01,-0.07,0.02,34.47
-9.05,-1.13,-0.97,-0.01,-0.07,0.02,34.46
-9.05,-1.02,-0.86,-0.0,-0.01,0.01,34.47
-9.0,-1.16,-0.91,-0.02,-0.06,0.02,34.48
-9.12,-1.16,-0.91,0.01,-0.1,0.02,34.47
-9.11,-1.06,-0.96,0.05,-0.07,-0.0,34.48
-9.0,-1.21,-0.97,-0.02,-0.02,0.01,34.48
-9.04,-1.34,-0.83,-0.08,-0.1,0.04,34.48
-9.07,-1.37,-0.81,-0.08,-0.02,0.01,34.47
-8.94,-1.13,-0.95,0.02,-0.01,0.02,34.48
-8.95,-1.22,-1.1,-0.01,-0.05,-0.01,34.48
-9.02,-1.25,-0.96,-0.0,-0.03,0.02,34.49
-9.06,-1.23,-0.95,0.0,-0.03,-0.0,34.48
-9.12,-1.24,-0.8,-0.02,-0.06,0.02,34.49
-9.49,-0.77,-0.91,0.07,-0.17,0.01,34.48
-8.93,-1.08,1.13,0.13,-0.15,0.05,34.48
-9.03,0.06,1.82,-0.12,-0.07,-0.18,34.49
-8.52,-0.44,-2.03,-0.03,0.12,0.04,34.47
-8.93,-0.45,-1.87,-0.13,-0.06,-0.01,34.48
-9.0,-0.7,-1.47,-0.02,-0.02,0.02,34.51
-9.05,-0.67,-1.31,-0.02,-0.04,0.01,34.48
-9.05,-0.8,-1.36,-0.01,-0.06,0.01,34.47
-9.01,-0.74,-1.44,-0.01,-0.01,0.02,34.49
-9.05,-0.67,-1.45,-0.03,-0.05,0.0,34.49
-9.07,-0.7,-1.39,-0.01,-0.05,0.01,34.48
-9.02,-0.71,-1.38,-0.02,-0.03,0.01,34.49
-8.92,-0.36,-1.53,0.07,-0.06,-0.01,34.5
-8.93,-0.69,-1.88,0.03,-0.05,0.01,34.51
-9.03,-0.77,-1.68,-0.02,-0.1,0.0,34.51
-9.2,-0.69,-1.99,-0.06,-0.0,0.06,34.5
-8.82,-0.49,-2.51,0.0,0.01,0.05,34.51
-9.3,-0.77,-1.05,-0.04,-0.01,0.06,34.49
-9.08,-0.39,-1.03,0.03,0.01,-0.02,34.48
-9.06,-0.66,-1.45,-0.01,-0.06,0.03,34.51
-9.08,-0.63,-1.1,-0.01,-0.03,0.01,34.49
-9.09,-0.55,-1.07,0.0,-0.03,0.02,34.5
-8.98,-0.54,-1.2,-0.02,-0.03,0.02,34.49
-9.06,-0.53,-1.13,-0.02,-0.07,-0.0,34.51
-9.07,-0.61,-1.11,-0.01,-0.04,0.01,34.49
-9.07,-1.02,-1.21,-0.07,-0.03,-0.02,34.51
-9.09,-0.66,-1.16,-0.01,-0.07,0.01,34.51
-9.09,-0.73,-1.29,-0.02,-0.03,0.01,34.51
-9.03,-0.68,-1.17,-0.02,-0.04,0.01,34.51
-9.1,-0.66,-1.2,-0.03,-0.04,0.01,34.52
-8.98,-0.78,-1.2,-0.06,-0.04,0.03,34.51
-8.97,-0.7,-1.17,-0.13,-0.03,0.02,34.53
-9.02,-0.74,-1.15,0.0,-0.05,0.01,34.51
-9.13,-0.67,-1.33,0.02,0.03,-0.02,34.5
-8.86,-0.79,-2.2,0.01,-0.12,0.02,34.52
-9.12,-0.81,-0.91,-0.01,-0.11,0.01,34.54
-9.12,-0.78,-0.81,-0.0,-0.06,0.02,34.52
-8.98,-0.74,-0.93,-0.01,-0.04,-0.0,34.53
-9.11,-0.85,-1.39,0.0,0.0,-0.03,34.53
-8.87,-0.62,-1.19,-0.01,-0.06,0.02,34.52
-9.01,-0.86,-1.45,-0.02,-0.03,0.03,34.53
-9.2,-0.39,-0.14,-0.0,-0.18,0.07,34.54
-8.98,-0.51,-0.9,-0.02,0.17,-0.05,34.52
-9.17,-0.62,-1.35,-0.06,-0.18,0.01,34.52
-9.13,-0.81,0.83,0.15,-0.58,0.03,34.51
-9.05,-0.82,1.26,-0.04,0.23,-0.02,34.54
-8.54,-0.64,-2.71,0.02,0.19,0.02,34.52
-8.98,-1.07,-0.56,0.01,-0.55,-0.02,34.52
-9.07,-0.92,0.13,-0.05,-0.03,0.03,34.52
-9.17,-0.73,-0.06,0.01,-0.01,0.04,34.54
-9.25,-0.73,0.02,-0.01,-0.11,-0.0,34.53
-9.17,-0.74,0.12,-0.01,-0.05,0.02,34.54
-9.1,-0.61,0.24,-0.0,-0.01,0.01,34.55
-9.13,-0.7,0.1,-0.01,-0.04,0.01,34.55
-9.2,-0.78,0.0,-0.01,-0.05,0.01,34.54
-9.18,-0.74,0.11,-0.01,-0.05,0.01,34.56
-9.19,-0.71,0.14,-0.0,-0.04,0.02,34.53
-9.12,-0.73,-0.02,-0.01,-0.07,0.02,34.55
-9.15,-0.68,0.07,-0.01,-0.04,0.02,34.53
-9.09,-0.71,-0.02,-0.01,-0.06,0.01,34.54
-9.12,-0.69,0.12,-0.03,0.01,0.0,34.54
-9.13,-0.67,0.08,-0.02,-0.05,0.0,34.55
-9.2,-0.79,0.06,-0.01,-0.07,0.0,34.54
-9.17,-0.73,-0.19,-0.02,-0.02,0.01,34.57
-9.1,-1.04,-0.17,0.01,-0.04,-0.02,34.57
-9.24,-0.8,-0.01,-0.03,-0.05,0.02,34.54
-9.16,-0.62,-0.0,-0.02,-0.07,0.01,34.55
-9.16,-0.69,0.02,0.01,-0.04,0.02,34.54
-9.09,-0.71,-0.03,-0.02,-0.05,0.01,34.55
-9.19,-0.72,-0.12,-0.01,-0.1,0.01,34.57
-9.14,-0.74,0.02,-0.01,-0.04,0.01,34.55
-9.16,-0.78,-0.03,0.08,-0.08,0.03,34.56
-9.12,-0.56,-0.1,0.0,-0.11,0.0,34.56
-9.22,-0.64,-0.03,0.02,-0.01,0.02,34.55
-9.02,-0.82,-0.05,0.06,-0.11,-0.12,34.56
-9.19,-0.77,0.11,-0.02,-0.06,0.01,34.56
-9.07,-0.67,0.17,-0.02,-0.01,0.01,34.55
-9.12,-0.78,-0.07,-0.02,-0.05,0.01,34.56
-9.15,-0.79,0.05,-0.01,-0.03,0.01,34.57
-9.17,-0.78,0.06,-0.01,-0.05,0.01,34.55
-9.16,-0.81,0.0,-0.01,-0.04,0.01,34.58
-9.2,-0.83,-0.16,-0.02,-0.06,-0.03,34.56
-9.19,-0.69,0.06,-0.01,-0.06,0.0,34.57
-9.18,-0.74,0.06,-0.02,-0.04,0.01,34.56
-9.17,-0.62,-0.12,-0.04,-0.07,0.02,34.57
-9.13,-0.76,-0.05,-0.0,-0.05,0.03,34.57
-9.11,-0.67,-0.2,-0.0,-0.07,0.03,34.56
-9.17,-0.64,-0.06,-0.01,-0.04,0.01,34.58
-9.27,-0.51,-0.16,-0.04,-0.09,0.04,34.55
-9.15,-0.62,-0.07,-0.03,-0.01,0.06,34.58
-9.21,-0.71,-0.1,0.01,-0.04,0.02,34.58
-9.13,-0.79,-0.16,-0.02,-0.05,0.02,34.57
-9.14,-0.79,-0.19,-0.01,-0.01,0.01,34.56
-9.28,-0.85,-0.19,0.08,-0.06,0.02,34.57
-9.14,-0.65,-0.06,-0.08,-0.08,0.05,34.58
-9.15,-0.42,-0.19,-0.04,-0.05,0.02,34.58
-9.17,-0.81,-0.16,-0.05,-0.04,0.0,34.57
-9.13,-0.82,-0.11,-0.03,-0.06,-0.0,34.58
-9.09,-0.83,-0.12,-0.01,-0.07,0.02,34.59
-9.13,-0.83,-0.11,-0.01,-0.05,0.01,34.59
-9.19,-0.85,-0.0,-0.01,-0.06,0.01,34.59
-9.14,-0.79,-0.11,-0.01,-0.09,0.01,34.58
-9.15,-0.82,0.18,-0.05,-0.14,0.01,34.58
-9.16,-0.78,-0.0,0.01,-0.04,0.02,34.59
-8.88,-0.92,0.07,0.03,-0.08,-0.04,34.59
-9.52,-1.21,0.07,-0.04,0.06,-0.03,34.6
-9.14,-0.6,-0.0,0.0,-0.04,0.01,34.58
-9.26,-0.75,0.03,-0.01,-0.06,0.03,34.57
-9.15,-0.75,-0.05,-0.01,-0.04,0.01,34.58
-9.2,-0.8,-0.23,-0.01,-0.03,0.03,34.59
-9.07,-0.52,-0.41,-0.03,-0.07,0.01,34.59
-9.21,-0.68,-0.16,-0.01,-0.08,0.0,34.59
-9.16,-0.7,-0.12,-0.02,-0.02,0.0,34.59
-9.24,-0.85,-0.21,-0.07,-0.05,0.03,34.59
-9.15,-0.91,-0.13,0.0,-0.05,0.03,34.59
-9.11,-0.81,-0.2,0.01,-0.06,0.03,34.59
-9.14,-0.79,-0.08,-0.01,-0.03,0.01,34.59
-9.27,-0.75,0.0,-0.02,-0.08,0.01,34.58
-9.17,-0.8,-0.06,-0.0,-0.05,0.02,34.59
-9.17,-0.79,0.03,-0.01,-0.04,0.02,34.59
-9.1,-0.75,-0.04,-0.02,-0.05,0.0,34.58
-9.12,-0.75,0.01,-0.0,-0.05,0.01,34.59
-9.15,-0.79,-0.07,-0.01,-0.04,0.01,34.58
-9.17,-0.8,-0.21,0.0,-0.04,0.01,34.61
-9.22,-0.44,-0.36,-0.02,-0.09,0.06,34.6
-9.16,-0.91,-0.18,-0.0,-0.04,0.02,34.58
-9.25,-0.64,-0.45,0.03,0.07,0.02,34.59
-10.04,-0.38,0.15,-0.07,-0.78,-0.05,34.59
-6.8,-0.58,-0.98,-0.07,0.05,0.05,34.6
-9.36,-0.72,0.12,0.07,-0.38,0.04,34.62
-6.39,-0.31,-1.14,0.14,0.61,-0.16,34.6
-8.62,-0.71,-2.34,0.02,-0.17,0.01,34.59
-8.64,-1.1,-1.3,-0.09,0.03,0.06,34.61
-10.08,-0.67,0.66,0.18,0.41,-0.15,34.6
-10.76,-0.89,-0.53,-0.01,0.0,0.09,34.6
-8.35,-1.26,-3.28,0.08,0.0,-0.06,34.6
-8.41,-1.4,-3.22,0.04,-0.03,0.03,34.59
-8.51,-1.92,-1.95,0.05,0.34,0.09,34.59
-8.46,-1.91,-1.89,-0.02,-0.08,-0.04,34.59
-7.61,-2.47,-3.32,-0.08,0.09,0.3,34.6
-8.55,-1.61,-2.61,0.16,-0.13,0.01,34.61
-8.78,-1.61,-1.8,-0.04,-0.16,0.01,34.6
-8.78,-1.79,-2.13,-0.07,-0.06,0.01,34.61
-8.53,-1.88,-2.44,0.0,-0.06,0.08,34.6
-8.59,-1.27,-1.99,0.12,-0.11,0.03,34.61
-8.99,-1.11,-0.85,-0.08,-0.17,0.04,34.6
-9.21,-0.62,0.36,0.02,0.01,0.01,34.6
-9.22,-0.76,0.01,-0.02,-0.07,-0.02,34.62
-9.16,-0.77,0.45,0.0,-0.19,0.02,34.62
-9.19,-0.75,0.56,-0.01,-0.02,0.01,34.62
-9.24,-0.83,0.34,0.02,-0.03,0.03,34.59
-9.16,-0.83,-0.04,0.02,-0.05,0.02,34.62
-9.14,-0.78,0.54,-0.01,-0.05,0.01,34.64
-9.13,-0.83,0.49,-0.03,-0.03,0.0,34.64
-9.12,-0.89,0.22,-0.01,-0.02,0.02,34.6
-9.15,-0.88,0.41,-0.01,-0.08,0.02,34.63
-9.29,-0.91,0.42,-0.02,-0.03,0.0,34.63
-9.16,-0.97,0.38,0.01,-0.08,0.02,34.61
-9.24,-0.99,0.05,-0.03,-0.02,0.01,34.62
-9.18,-0.87,0.07,-0.01,-0.07,0.02,34.63
-9.23,-0.74,0.32,0.05,-0.08,0.02,34.62
-9.1,-0.81,0.5,-0.03,-0.21,0.01,34.64
-10.01,-0.55,2.07,-0.11,0.13,-0.04,34.62
-9.04,-0.88,0.17,-0.01,-0.1,0.02,34.61
-9.04,-0.83,1.06,-0.01,-0.07,0.02,34.62
-9.03,-0.75,0.99,-0.04,-0.02,0.01,34.64
-9.2,-0.96,0.54,0.03,0.03,0.03,34.64
-9.17,-1.07,0.73,-0.01,-0.1,0.06,34.66
-9.13,-0.85,0.4,0.04,0.03,0.02,34.62
-9.2,-1.02,0.12,-0.02,-0.05,-0.01,34.64
-9.18,-0.9,1.36,-0.03,-0.13,0.0,34.61
-9.28,-1.11,-0.28,-0.01,0.07,0.06,34.65
-9.06,-0.87,-0.05,0.01,-0.13,-0.0,34.63
-9.14,-0.89,0.67,-0.01,-0.03,0.01,34.62
-9.09,-0.88,0.65,-0.01,-0.06,0.01,34.63
-9.13,-0.76,0.59,-0.01,0.0,0.01,34.64
-9.07,-0.78,0.68,-0.02,-0.03,0.01,34.63
-9.19,-0.86,0.69,-0.01,-0.06,0.01,34.62
-9.12,-0.87,0.65,-0.01,-0.04,0.01,34.62
-9.17,-0.86,0.7,-0.01,-0.04,0.01,34.63
-9.16,-0.89,0.57,-0.0,-0.07,0.02,34.66
-9.01,-0.89,0.6,-0.03,-0.06,0.01,34.63
-9.11,-0.89,0.67,-0.01,-0.06,0.01,34.65
-9.11,-0.93,0.66,-0.01,-0.04,0.01,34.65
-9.12,-0.87,0.68,-0.01,-0.02,0.02,34.64
-9.18,-0.78,0.68,-0.02,-0.04,0.02,34.62
-9.13,-1.01,0.74,0.0,-0.04,0.01,34.62
-8.97,-0.93,0.52,-0.01,-0.0,-0.0,34.64
-9.06,-0.82,0.49,-0.02,-0.05,-0.0,34.64
-9.12,-0.91,0.55,0.0,-0.05,-0.01,34.62
-9.18,-0.93,0.68,0.0,-0.04,0.01,34.64
-9.12,-0.91,0.41,-0.01,-0.02,0.01,34.64
-9.17,-0.96,0.67,-0.0,-0.1,0.02,34.64
-9.1,-0.95,0.62,-0.01,-0.04,0.01,34.64
-9.14,-0.89,0.55,-0.02,-0.08,0.01,34.65
-8.65,-0.85,0.6,-0.06,0.08,0.04,34.68
-9.1,-0.95,0.44,0.0,-0.12,0.01,34.65
-9.17,-1.03,0.62,-0.01,0.01,-0.01,34.66
-9.09,-0.99,0.67,-0.01,-0.04,-0.0,34.67
-9.19,-0.96,0.39,-0.02,-0.05,0.0,34.67
-9.14,-0.99,0.89,-0.01,-0.06,0.01,34.66
-9.14,-1.01,0.8,-0.01,-0.03,0.01,34.66
-9.09,-1.11,0.67,-0.01,-0.06,0.02,34.65
-9.22,-0.88,0.72,-0.0,-0.0,0.02,34.67
-9.15,-0.93,0.56,-0.02,-0.07,0.02,34.66
-9.13,-0.98,0.76,-0.01,-0.04,0.01,34.67
-9.16,-0.98,0.74,-0.02,-0.06,0.0,34.64
-9.14,-0.93,0.68,-0.02,-0.06,0.01,34.66
-9.11,-1.0,0.74,-0.01,-0.03,0.01,34.68
-9.21,-0.96,0.74,0.02,-0.04,0.02,34.67
-9.12,-0.93,0.65,-0.0,-0.06,0.01,34.66
-9.03,-1.07,0.39,-0.01,-0.05,0.04,34.66
-9.21,-1.01,0.6,-0.02,-0.08,0.04,34.65
-9.17,-1.01,0.59,-0.01,-0.04,0.01,34.66
-9.22,-0.95,0.59,-0.04,-0.05,0.01,34.69
-9.18,-1.05,0.49,-0.0,-0.06,0.01,34.67
-9.11,-0.98,0.68,-0.01,-0.06,0.0,34.64
-9.11,-1.04,0.65,-0.02,-0.04,0.01,34.67
-9.19,-0.99,0.7,-0.03,-0.03,0.01,34.68
-9.08,-0.65,0.65,-0.05,-0.13,0.04,34.67
-9.08,-1.07,0.67,-0.06,-0.06,-0.01,34.67
-9.12,-1.07,0.58,-0.01,-0.04,0.02,34.65
-9.11,-1.08,0.63,0.0,-0.06,0.02,34.65
-9.22,-0.87,0.7,-0.01,-0.03,0.02,34.67
-9.12,-1.03,0.62,-0.01,-0.05,0.01,34.68
-9.12,-1.05,0.69,-0.01,-0.08,0.02,34.67
-9.14,-0.91,1.1,0.0,-0.07,-0.0,34.67
-9.14,-0.97,0.8,0.02,0.03,0.02,34.67
-9.03,-0.79,0.87,-0.0,-0.16,0.0,34.67
-9.05,-1.19,0.38,0.0,-0.01,-0.02,34.67
-9.05,-0.81,0.51,-0.05,-0.0,-0.0,34.68
-9.06,-0.79,0.61,-0.03,-0.05,0.02,34.66
-9.15,-0.92,0.62,0.02,-0.07,0.01,34.69
-9.06,-1.0,0.62,-0.05,-0.06,0.0,34.67
-9.15,-0.91,0.67,-0.02,-0.02,0.0,34.68
-9.07,-1.01,0.75,0.0,-0.11,0.02,34.68
-9.16,-0.97,0.73,-0.01,-0.04,0.01,34.68
-9.11,-0.98,0.68,-0.02,-0.05,0.01,34.71
-9.11,-0.9,0.56,-0.01,-0.02,0.02,34.68
-9.28,-0.67,0.76,-0.0,-0.18,0.04,34.69
-9.88,-0.54,1.64,0.04,0.18,0.01,34.69
-9.09,-1.03,0.53,0.09,0.07,0.02,34.69
-9.2,-0.84,0.86,-0.08,-0.01,0.0,34.68
-9.44,-1.0,0.33,-0.08,-0.1,-0.01,34.69
-9.4,-0.9,0.82,-0.01,-0.03,0.02,34.7
-8.98,-0.97,0.86,-0.03,-0.01,-0.01,34.69
-9.14,-0.96,0.74,-0.01,-0.05,0.01,34.7
-9.11,-0.96,0.68,-0.01,-0.03,0.01,34.69
-9.1,-0.95,0.6,-0.0,-0.03,0.01,34.7
-9.17,-0.94,0.76,0.0,-0.06,0.01,34.7
-9.11,-0.96,0.75,-0.02,-0.04,0.01,34.7
-9.07,-0.96,0.6,-0.01,-0.06,0.01,34.68
-9.14,-0.97,0.68,-0.01,-0.05,0.02,34.68
-9.12,-1.02,0.75,0.0,-0.08,0.03,34.69
-9.06,-0.96,0.91,0.0,-0.05,0.02,34.71
-9.1,-1.0,0.76,-0.01,-0.02,0.02,34.68
-9.14,-0.93,0.82,0.0,-0.05,0.03,34.7
-9.13,-0.98,0.75,-0.01,-0.08,0.01,34.69
-9.09,-1.03,0.73,-0.02,-0.05,0.01,34.7
-9.09,-1.05,0.78,-0.01,-0.04,0.02,34.69
-9.04,-1.02,0.73,-0.03,-0.05,0.01,34.7
-9.09,-0.99,0.77,-0.02,-0.04,0.01,34.7
-9.11,-0.99,0.76,-0.01,-0.05,0.01,34.7
-9.13,-0.99,0.78,-0.0,-0.07,0.02,34.7
-9.13,-1.0,0.83,-0.01,-0.04,0.01,34.7
-9.05,-0.9,0.89,-0.02,-0.0,0.01,34.71
-9.13,-1.03,0.78,-0.01,-0.09,0.0,34.69
-9.07,-1.07,0.85,-0.02,-0.06,0.02,34.72
-9.1,-1.0,0.74,-0.01,-0.06,0.01,34.7
-9.11,-0.97,0.77,-0.01,-0.03,0.02,34.72
-9.11,-1.0,0.77,-0.01,-0.06,0.01,34.73
-9.16,-0.99,0.81,-0.01,-0.04,0.01,34.71
-9.12,-1.0,0.79,-0.01,-0.05,0.01,34.71
-9.11,-1.03,0.81,-0.01,-0.05,0.01,34.71
-9.11,-0.98,0.76,-0.02,-0.06,0.01,34.72
-9.13,-0.99,0.78,-0.0,-0.05,0.01,34.7
-9.2,-0.98,0.84,-0.02,-0.06,0.01,34.7
-9.14,-0.97,0.7,-0.01,-0.05,0.01,34.69
-9.13,-0.99,0.82,-0.01,-0.05,0.01,34.69
-9.1,-1.01,0.77,-0.01,-0.03,0.01,34.69
-9.21,-1.01,0.72,0.02,-0.01,0.03,34.71
-9.14,-0.94,0.71,-0.01,-0.08,0.01,34.71
-9.08,-0.95,0.66,-0.02,-0.05,0.02,34.71
-9.14,-0.93,0.82,-0.01,-0.05,0.01,34.72
-9.11,-0.99,0.76,-0.01,-0.05,0.01,34.72
-9.07,-0.99,0.71,-0.01,-0.05,0.02,34.72
-9.14,-1.0,0.74,-0.01,-0.05,0.01,34.71
-9.11,-1.04,0.77,-0.01,-0.05,0.01,34.72
-9.11,-1.0,0.82,-0.01,-0.03,0.02,34.72
-9.15,-1.01,0.79,-0.01,-0.05,0.01,34.74
-9.23,-0.98,0.75,-0.06,-0.07,-0.0,34.7
-9.11,-1.11,0.72,-0.01,-0.06,0.0,34.72
-9.08,-1.02,0.62,0.01,-0.07,0.03,34.72
-9.0,-1.13,1.05,0.05,0.03,-0.0,34.72
-9.09,-1.03,0.67,-0.01,-0.06,0.02,34.74
-9.08,-1.09,0.71,-0.01,-0.06,0.01,34.72
-9.16,-1.09,0.71,-0.01,-0.05,0.0,34.71
-9.03,-1.06,0.45,-0.02,-0.02,0.01,34.72
-9.13,-0.9,1.03,0.03,-0.15,0.0,34.72
-9.1,-0.89,0.85,-0.02,-0.07,0.04,34.72
-9.17,-1.06,0.68,-0.0,-0.01,0.03,34.75
-9.11,-1.11,0.69,0.01,-0.02,-0.0,34.73
-9.11,-1.01,0.92,0.0,-0.04,0.03,34.73
-9.12,-1.04,0.84,0.0,-0.04,0.01,34.74
-9.11,-1.06,0.75,-0.02,-0.06,0.0,34.74
-9.12,-1.0,0.91,-0.01,-0.03,0.01,34.73
-9.18,-0.98,0.94,-0.03,-0.06,0.0,34.74
-9.13,-1.07,0.79,-0.01,-0.03,0.01,34.74
-9.08,-1.06,0.86,-0.01,-0.08,0.01,34.71
-9.11,-0.98,0.93,-0.0,-0.04,0.01,34.72
-9.07,-0.97,0.76,0.01,-0.02,0.01,34.75
-9.11,-1.06,0.89,-0.01,-0.05,0.02,34.74
-9.17,-1.06,0.86,-0.01,-0.04,0.0,34.74
-9.13,-1.09,0.78,-0.02,-0.07,0.0,34.74
-9.11,-1.14,0.89,0.01,-0.03,0.01,34.73
-9.1,-1.08,0.81,-0.01,-0.05,0.03,34.75
-9.34,-1.0,0.84,-0.03,-0.03,-0.01,34.74
-9.17,-1.02,0.88,-0.0,-0.08,0.01,34.75
-9.02,-1.1,0.88,-0.01,-0.05,0.02,34.75
-9.17,-1.14,0.79,-0.01,-0.03,0.02,34.76
-9.1,-1.11,0.75,0.0,-0.04,-0.01,34.74
-8.86,-1.1,1.28,-0.0,0.17,0.01,34.74
-9.1,-0.95,0.84,-0.04,-0.01,0.01,34.75
-9.07,-1.08,0.64,0.03,-0.05,0.01,34.73
-9.13,-0.94,0.88,-0.02,-0.04,0.01,34.74
-9.18,-0.98,0.75,-0.01,-0.08,0.03,34.74
-9.09,-1.03,0.88,-0.02,-0.05,-0.01,34.74
-9.08,-1.06,0.88,-0.02,-0.05,0.01,34.76
-9.09,-1.04,0.57,-0.01,-0.0,0.03,34.74
-9.08,-1.19,0.75,-0.01,-0.02,0.02,34.75
-9.12,-1.12,0.68,-0.02,-0.08,0.01,34.75
-9.08,-1.07,0.73,-0.01,-0.04,0.01,34.74
-9.17,-0.94,0.89,-0.06,0.02,0.0,34.76
-9.16,-0.99,0.88,-0.02,-0.07,0.03,34.76
-9.1,-1.14,0.67,-0.01,-0.06,0.02,34.75
-9.13,-1.09,0.76,-0.0,-0.07,0.02,34.76
-9.11,-1.03,0.72,-0.01,-0.02,0.02,34.75
-9.08,-1.05,0.7,-0.02,-0.07,0.02,34.74
-9.17,-1.11,0.76,0.01,-0.05,0.02,34.73
-9.13,-1.2,0.75,0.01,-0.08,0.01,34.77
-9.15,-1.1,0.73,0.04,-0.04,0.03,34.76
-9.11,-1.03,0.88,-0.01,-0.04,0.0,34.76
-9.16,-1.2,0.79,-0.01,-0.03,-0.01,34.74
-9.11,-0.97,0.65,-0.03,-0.03,0.01,34.75
-9.17,-1.01,0.82,0.02,-0.03,0.0,34.74
-9.08,-1.09,0.74,0.0,-0.05,0.01,34.74
-9.05,-1.12,0.76,-0.02,-0.07,0.01,34.74
-9.22,-1.12,0.71,0.02,-0.07,0.03,34.75
-9.14,-1.05,0.71,0.01,-0.03,0.04,34.76
-9.01,-1.23,1.05,0.01,-0.02,-0.0,34.76
-9.12,-1.27,0.9,-0.01,-0.04,0.03,34.77
-9.1,-1.05,0.88,0.01,0.02,0.03,34.75
-9.06,-1.17,0.63,0.0,-0.05,-0.0,34.75
-9.14,-1.01,0.87,0.02,-0.02,0.01,34.75
-9.12,-1.02,0.79,-0.01,-0.05,0.02,34.75
-9.21,-1.19,0.67,-0.03,-0.06,0.0,34.76
-9.1,-1.05,0.71,-0.0,-0.05,0.02,34.77
-9.27,-1.15,0.82,-0.0,-0.06,0.02,34.76
-9.1,-1.13,0.59,-0.0,-0.07,0.03,34.77
-9.14,-1.1,0.57,-0.01,-0.03,0.01,34.76
-9.12,-1.08,0.68,-0.0,-0.06,0.02,34.76
-9.13,-1.12,0.68,-0.0,-0.07,0.04,34.76
-9.16,-1.13,0.79,-0.02,-0.06,0.01,34.74
-9.07,-1.08,0.54,0.01,-0.0,0.01,34.77
-9.25,-0.88,0.68,0.08,-0.1,-0.06,34.75
-9.05,-0.8,0.09,0.01,0.03,0.07,34.77
-9.18,-0.85,0.3,-0.06,-0.02,-0.04,34.77
-9.17,-0.88,0.93,-0.06,0.23,-0.01,34.76
-9.29,-0.75,0.28,-0.08,-0.05,0.02,34.75
-9.17,-1.37,1.17,-0.01,-0.03,0.06,34.75
-9.09,-1.02,1.0,-0.03,-0.03,0.03,34.76
-9.26,-1.06,0.83,-0.02,-0.09,0.03,34.76
-9.19,-1.1,0.95,-0.04,-0.08,0.02,34.76
-9.18,-0.99,0.82,-0.02,-0.08,0.03,34.75
-9.17,-1.08,0.64,-0.01,-0.04,0.01,34.75
-9.1,-1.14,0.67,-0.01,-0.05,0.02,34.76
-9.18,-0.96,0.83,-0.05,0.26,0.0,34.77
-9.08,-1.08,0.73,0.0,-0.05,0.02,34.77
-9.07,-1.06,0.76,-0.01,-0.04,0.02,34.77
-9.11,-1.05,0.82,-0.0,-0.04,0.01,34.76
-9.19,-1.09,0.78,-0.01,-0.07,0.01,34.75
-9.1,-1.09,0.8,-0.01,-0.08,0.01,34.77
-9.11,-1.03,0.74,0.0,-0.04,0.01,34.78
-9.12,-1.12,0.68,-0.0,-0.06,0.02,34.77
-9.14,-1.08,0.71,-0.02,-0.06,0.0,34.8
-9.1,-1.01,0.76,0.0,-0.02,0.02,34.77
-8.75,0.56,-1.87,-0.45,0.43,0.25,34.77
-8.26,-3.09,-3.67,0.32,-0.06,-0.17,34.77
-9.58,-0.24,-0.5,-0.1,-0.03,-0.14,34.77
-9.66,-1.14,-3.0,-0.07,-0.22,0.0,34.76
-9.04,-0.99,-0.85,-0.08,-0.11,-0.1,34.77
-8.96,-1.05,-1.02,-0.01,-0.01,-0.01,34.79
-9.14,-1.08,-1.08,-0.01,-0.07,0.03,34.79
-9.09,-1.19,-0.99,-0.07,-0.07,0.06,34.8
-9.0,-1.14,-0.88,-0.0,-0.04,0.0,34.79
-8.97,-1.18,-0.97,-0.02,-0.02,-0.02,34.78
-9.02,-1.38,-0.77,-0.01,-0.1,-0.03,34.77
-9.06,-1.37,-0.64,0.01,-0.01,0.01,34.77
-8.86,-2.02,-1.71,-0.03,-0.08,-0.03,34.8
-8.6,-2.43,-1.91,-0.03,-0.06,0.03,34.78
-8.69,-2.35,-1.73,-0.03,-0.05,0.02,34.78
-8.83,-2.15,-1.6,-0.02,-0.04,0.03,34.79
-8.78,-2.05,-1.8,0.0,-0.05,0.0,34.79
-8.81,-2.03,-1.79,0.0,-0.04,0.01,34.8
-8.76,-2.05,-1.74,-0.01,-0.05,0.02,34.79
-8.82,-2.05,-1.63,-0.01,-0.08,0.01,34.79
-8.79,-1.97,-1.76,-0.02,-0.06,0.01,34.79
-8.83,-1.66,-1.87,0.01,-0.04,0.03,34.81
-8.89,-1.73,-1.69,0.03,-0.1,0.01,34.78
-8.77,-1.96,-1.87,-0.01,-0.03,0.0,34.78
-8.82,-1.94,-1.82,-0.01,-0.05,0.02,34.78
-8.82,-1.86,-1.79,-0.01,-0.05,0.01,34.8
-8.82,-1.92,-1.75,-0.01,-0.05,0.01,34.78
-8.83,-1.96,-1.66,0.01,-0.07,0.01,34.82
-8.83,-1.97,-1.86,-0.07,-0.09,0.14,34.8
-8.83,-1.47,-1.91,-0.03,0.02,-0.03,34.79
-8.77,-1.53,-2.21,-0.02,-0.06,-0.01,34.78
-8.72,-0.95,-2.29,-0.14,-0.05,0.13,34.79
-9.11,-0.88,-1.46,0.01,-0.11,0.01,34.8
-8.99,-1.12,-1.45,-0.06,0.02,0.09,34.81
-8.95,-1.3,-1.21,0.01,-0.07,0.04,34.78
-9.07,-1.07,-0.81,-0.0,-0.05,0.04,34.78
-8.97,-1.07,-1.14,-0.03,-0.01,0.02,34.8
-9.04,-1.28,-0.93,-0.03,-0.01,0.05,34.8
-9.0,-1.12,-0.99,-0.0,-0.06,-0.0,34.8
-9.07,-1.05,-0.97,0.03,0.0,0.01,34.81
-9.11,-1.14,-1.06,-0.02,-0.09,-0.1,34.81
-9.02,-1.11,-0.88,-0.04,-0.04,0.14,34.8
-9.04,-1.14,-0.93,-0.03,-0.0,0.01,34.82
-8.86,-1.15,-1.65,0.01,-0.11,-0.02,34.8
-9.02,-1.02,-0.66,0.08,-0.13,0.03,34.81
-9.21,0.43,-0.73,0.12,-0.46,-0.01,34.82
-9.69,-0.28,1.78,0.08,-0.07,-0.05,34.81
-9.64,-0.22,0.67,0.04,0.09,-0.13,34.81
-9.07,-0.62,0.49,0.01,-0.09,0.03,34.82
-9.17,-0.55,0.46,-0.03,-0.06,0.01,34.78
-9.17,-0.48,0.38,0.0,-0.05,0.04,34.82
-9.18,-0.44,0.37,-0.01,-0.04,0.01,34.81
-9.18,-0.46,0.29,-0.0,-0.06,0.02,34.83
-9.2,-0.43,0.5,-0.01,-0.08,-0.0,34.83
-9.06,-0.69,0.41,0.0,0.0,0.01,34.82
-9.07,-0.5,0.48,-0.02,-0.05,0.02,34.81
-9.18,-0.45,0.61,-0.01,-0.05,0.02,34.82
-9.17,-0.5,0.59,-0.01,-0.05,0.01,34.82
-9.17,-0.45,0.61,-0.01,-0.08,0.01,34.8
-9.16,-0.47,0.57,-0.01,-0.06,0.01,34.82
-9.14,-0.51,0.63,-0.01,-0.03,0.01,34.82
-9.04,-0.5,0.54,-0.12,-0.03,0.01,34.82
-9.16,-0.3,0.48,-0.05,-0.0,0.02,34.8
-9.26,-0.68,0.32,0.02,-0.03,0.03,34.82
-9.18,-0.53,0.45,-0.02,-0.05,0.02,34.83
-9.19,-0.51,0.52,-0.0,-0.07,0.02,34.81
-9.24,-0.47,0.51,-0.03,-0.09,0.01,34.83
-9.13,-0.46,0.54,0.01,-0.04,0.0,34.83
-9.19,-0.55,0.47,0.0,-0.04,0.02,34.83
-9.19,-0.41,0.5,-0.01,-0.06,0.02,34.81
-9.18,-0.65,0.42,-0.01,-0.05,0.0,34.84
-9.16,-0.63,0.51,0.0,-0.04,0.0,34.82
-9.17,-0.5,0.54,-0.01,-0.05,0.01,34.81
-9.14,-0.59,0.68,-0.01,-0.07,0.02,34.8
-9.14,-0.5,0.64,-0.0,-0.04,0.01,34.82
-9.2,-0.59,0.36,-0.03,-0.05,0.01,34.84
-9.18,-0.53,0.42,-0.01,-0.04,0.0,34.82
-9.22,-0.59,0.35,0.02,-0.06,0.01,34.82
-9.17,-0.56,0.48,-0.01,-0.06,0.01,34.84
-9.21,-0.51,0.5,-0.04,-0.03,0.01,34.8
-9.28,-0.54,0.5,0.03,-0.08,0.01,34.81
-9.07,-0.66,1.02,0.05,-0.18,0.03,34.84
-9.13,-0.69,0.99,-0.02,-0.05,-0.02,34.83
-9.24,-0.71,0.55,-0.01,0.03,0.04,34.82
-9.16,-0.62,0.37,-0.01,-0.11,0.01,34.81
-9.11,-0.6,0.58,0.0,-0.05,0.02,34.83
-9.14,-0.63,0.39,-0.01,-0.01,0.02,34.85
-9.19,-0.66,0.6,0.19,-0.08,0.0,34.85
-9.22,-0.68,0.6,-0.05,-0.04,0.0,34.84
-9.1,-0.63,0.37,-0.07,-0.06,0.01,34.84
-9.19,-0.66,0.32,-0.01,-0.05,0.02,34.85
-9.09,-0.62,0.54,-0.01,-0.05,0.01,34.82
-9.11,-0.64,0.54,-0.01,-0.01,0.01,34.84
-9.2,-0.71,0.41,-0.02,-0.07,0.02,34.84
-9.16,-0.64,0.57,-0.01,-0.05,0.01,34.83
-9.17,-0.63,0.62,-0.01,-0.05,0.02,34.82
-9.14,-0.66,0.43,-0.02,-0.05,0.01,34.84
-9.16,-0.65,0.56,-0.01,-0.05,0.02,34.83
-9.15,-0.62,0.58,-0.01,-0.04,0.02,34.84
-9.17,-0.62,0.47,0.0,-0.07,0.02,34.84
-9.15,-0.67,0.64,-0.01,-0.06,0.01,34.83
-9.13,-0.65,0.62,-0.02,-0.02,0.01,34.86
-9.15,-0.6,0.54,-0.0,-0.08,0.02,34.84
-9.11,-0.65,0.55,-0.01,-0.04,0.01,34.84
-9.18,-0.58,0.55,-0.04,-0.06,0.01,34.84
-9.27,-0.54,0.49,-0.05,-0.07,-0.04,34.85
-9.16,-0.64,0.56,-0.0,-0.05,0.02,34.82
-9.05,-0.66,0.61,-0.06,-0.1,0.05,34.85
-9.14,-0.58,0.47,-0.02,-0.05,0.01,34.81
-9.16,-0.64,0.28,-0.0,-0.06,0.02,34.84
-9.14,-0.54,0.42,-0.01,-0.06,0.0,34.86
-9.15,-0.61,0.45,-0.01,-0.04,0.05,34.84
-9.17,-0.66,0.39,-0.02,-0.05,0.01,34.87
-9.19,-0.44,0.29,0.1,-0.02,0.04,34.84
-9.22,-0.64,0.28,-0.0,-0.07,0.02,34.86
-9.21,-0.78,0.31,0.0,-0.07,0.0,34.84
-9.22,-0.42,0.46,0.0,-0.05,0.04,34.86
-9.21,-0.56,0.4,-0.03,-0.05,0.0,34.84
-9.21,-0.57,0.5,-0.01,-0.05,0.01,34.84
-9.18,-0.66,0.35,-0.03,-0.05,0.01,34.85
-9.19,-0.56,0.53,-0.01,-0.07,0.01,34.86
-9.01,-0.55,-1.59,-0.09,0.05,0.02,34.85
-9.04,-0.51,-1.48,-0.01,-0.07,-0.03,34.84
-9.0,-0.58,-1.45,-0.0,-0.1,0.04,34.85
-9.08,-0.52,-1.23,-0.01,-0.05,0.02,34.86
-9.1,-0.51,-1.28,-0.01,-0.04,0.02,34.85
-9.06,-0.5,-1.34,-0.01,-0.03,0.01,34.86
-9.01,-0.51,-1.4,-0.02,-0.02,0.01,34.84
-9.09,-0.53,-1.27,-0.0,-0.06,0.01,34.84
-9.1,-0.53,-1.25,-0.0,-0.05,0.02,34.86
-9.03,-0.51,-1.29,-0.01,-0.03,0.02,34.87
-9.07,-0.52,-1.35,-0.01,-0.04,0.01,34.84
-9.01,-0.58,-1.37,-0.02,-0.05,0.02,34.86
-9.08,-0.57,-1.2,-0.01,-0.04,0.01,34.85
-9.05,-0.59,-1.1,0.01,-0.02,0.01,34.86
-9.07,-0.55,-1.16,-0.01,-0.06,0.02,34.86
-8.98,-0.57,-1.24,-0.01,-0.06,-0.0,34.86
-9.1,-0.67,-1.18,-0.02,-0.05,0.02,34.85
-9.11,-0.69,-1.15,0.01,-0.04,0.01,34.85
-9.04,-0.59,-1.22,-0.02,-0.05,0.01,34.87
-9.11,-0.64,-1.12,-0.02,-0.05,0.01,34.88
-9.09,-0.59,-1.06,-0.0,-0.05,0.02,34.84
-9.12,-0.6,-1.05,-0.0,-0.03,0.01,34.87
-9.08,-0.72,-0.9,-0.05,-0.02,-0.02,34.86
-9.02,-0.71,-1.23,-0.01,-0.08,0.02,34.86
-9.04,-0.74,-1.16,-0.02,-0.05,0.02,34.86
-9.03,-0.67,-1.03,-0.02,-0.08,0.01,34.87
-9.06,-0.72,-0.37,0.08,-0.45,0.13,34.86
-9.25,-0.64,0.49,0.05,0.05,0.02,34.86
-9.07,-0.51,0.43,-0.01,-0.05,0.01,34.87
-9.24,-0.49,0.42,-0.01,-0.05,0.01,34.87
-9.15,-0.62,0.33,-0.01,-0.04,0.02,34.87
-9.17,-0.62,0.3,-0.01,-0.03,0.01,34.87
-9.14,-0.64,0.26,-0.03,-0.07,0.0,34.88
-9.17,-0.64,0.39,-0.01,-0.04,0.01,34.86
-9.18,-0.74,0.24,-0.0,-0.03,0.02,34.88
-9.18,-0.68,0.18,-0.0,-0.06,0.02,34.86
-9.18,-0.65,0.23,-0.06,-0.05,0.01,34.87
-9.22,-0.62,0.26,0.01,-0.04,0.01,34.86
-9.11,-0.64,0.41,-0.02,-0.04,0.01,34.87
-9.21,-0.6,0.24,-0.01,-0.07,0.01,34.85
-9.2,-0.61,0.4,-0.02,-0.03,-0.01,34.88
-9.15,-0.77,0.17,0.02,-0.03,0.02,34.89
-9.18,-0.73,0.16,0.01,-0.05,0.02,34.87
-9.14,-0.67,0.16,-0.02,-0.01,0.01,34.87
-9.14,-0.63,0.15,-0.01,-0.09,0.0,34.88
-9.18,-0.74,0.25,-0.01,-0.1,0.02,34.87
-9.18,-0.66,0.23,-0.01,-0.05,0.02,34.86
-9.23,-0.6,0.28,0.01,-0.04,0.01,34.88
-9.12,-0.68,0.33,-0.04,0.04,0.0,34.87
-9.24,-0.74,0.09,0.03,-0.08,0.03,34.86
-9.13,-0.62,0.17,-0.07,-0.07,-0.01,34.87
-9.16,-0.64,0.22,-0.01,-0.07,0.02,34.88
-9.2,-0.67,0.26,-0.0,-0.04,0.01,34.87
-9.19,-0.67,0.23,0.0,-0.08,0.02,34.87
-9.19,-0.52,0.3,0.0,-0.07,0.03,34.84
-9.17,-0.65,0.29,-0.0,-0.03,0.03,34.89
-9.17,-0.69,0.36,-0.0,-0.09,0.01,34.87
-9.22,-0.66,0.41,-0.01,-0.05,0.02,34.87
-9.23,-0.8,0.37,-0.0,-0.06,-0.01,34.86
-9.2,-0.64,0.34,-0.0,-0.05,0.01,34.87
-9.18,-0.62,0.28,0.01,-0.02,0.0,34.87
-9.17,-0.69,0.36,-0.03,-0.06,-0.0,34.88
-9.0,-0.89,-0.11,0.05,0.09,-0.04,34.88
-9.31,-1.03,0.3,0.05,-0.09,0.01,34.86
-9.09,-0.72,0.02,-0.01,0.0,0.02,34.89
-9.22,-0.75,0.17,0.01,-0.06,0.0,34.88
-9.18,-0.73,0.15,-0.01,-0.03,0.01,34.89
-9.19,-0.78,0.1,-0.01,-0.05,0.01,34.9
-9.17,-0.71,0.16,-0.01,-0.07,0.02,34.89
-9.14,-0.76,0.19,0.0,-0.04,0.02,34.89
-9.18,-0.69,0.25,0.0,-0.02,0.01,34.87
-9.21,-0.76,0.16,-0.01,-0.05,0.02,34.89
-9.16,-0.8,0.16,-0.0,-0.05,0.02,34.89
-9.16,-0.81,0.15,-0.01,-0.05,0.01,34.89
-9.08,-0.7,-0.27,-0.03,0.21,0.11,34.87
-8.14,-0.94,-3.83,-0.06,-0.2,-0.11,34.9
-8.6,-0.58,-2.2,-0.01,-0.02,0.05,34.88
-8.97,-0.65,-2.04,-0.01,-0.07,0.01,34.88
-8.93,-0.68,-2.13,-0.02,-0.06,0.02,34.89
-8.91,-0.69,-1.98,-0.01,-0.05,0.01,34.87
-8.97,-0.67,-1.86,-0.0,-0.07,0.01,34.9
-8.95,-0.68,-1.86,0.0,-0.03,0.02,34.88